{
  "input_model": "D:\\codes\\RWKV7-12B-scale\\rwkv7-g1f-13.3b-20260415-ctx8192.pth",
  "output_model": "D:\\codes\\RWKV7-12B-scale\\outputs\\pruned\\rwkv7-g1f-12b-56l-neighbor-delta.pth",
  "strategy": "neighbor_delta",
  "strategy_notes": "Drop layers whose sampled weight fingerprints are most similar to their neighbors.",
  "drop_count": 5,
  "original_layers": 61,
  "final_layers": 56,
  "dropped_layers": [
    6,
    7,
    14,
    22,
    35
  ],
  "kept_layers": [
    0,
    1,
    2,
    3,
    4,
    5,
    8,
    9,
    10,
    11,
    12,
    13,
    15,
    16,
    17,
    18,
    19,
    20,
    21,
    23,
    24,
    25,
    26,
    27,
    28,
    29,
    30,
    31,
    32,
    33,
    34,
    36,
    37,
    38,
    39,
    40,
    41,
    42,
    43,
    44,
    45,
    46,
    47,
    48,
    49,
    50,
    51,
    52,
    53,
    54,
    55,
    56,
    57,
    58,
    59,
    60
  ],
  "preserve_first": 1,
  "preserve_last": 4,
  "force_keep": [],
  "removed_params": 1043722240,
  "remaining_params": 12226576384,
  "estimated_bf16_gb": 22.773773193359375,
  "estimated_params_from_kept_layers": 12226576384,
  "scores": {
    "0": 0.0,
    "1": 0.30136600136756897,
    "2": 0.285478875041008,
    "3": 0.2849508076906204,
    "4": 0.28999610245227814,
    "5": 0.28474821150302887,
    "6": 0.2748543918132782,
    "7": 0.27233313024044037,
    "8": 0.28824110329151154,
    "9": 0.2970680743455887,
    "10": 0.2894754111766815,
    "11": 0.2869001626968384,
    "12": 0.2892550528049469,
    "13": 0.28550416231155396,
    "14": 0.28071504831314087,
    "15": 0.2866239994764328,
    "16": 0.2939225137233734,
    "17": 0.29713185131549835,
    "18": 0.2945370227098465,
    "19": 0.2868272066116333,
    "20": 0.28331637382507324,
    "21": 0.281830370426178,
    "22": 0.2802574187517166,
    "23": 0.2916863113641739,
    "24": 0.30105026066303253,
    "25": 0.28951045870780945,
    "26": 0.28446274995803833,
    "27": 0.2911813408136368,
    "28": 0.2916923016309738,
    "29": 0.2992890030145645,
    "30": 0.30336879193782806,
    "31": 0.30394862592220306,
    "32": 0.30569027364254,
    "33": 0.30385950207710266,
    "34": 0.2916969060897827,
    "35": 0.27750368416309357,
    "36": 0.2838170826435089,
    "37": 0.30157865583896637,
    "38": 0.3041854649782181,
    "39": 0.2924996614456177,
    "40": 0.29227137565612793,
    "41": 0.29814448952674866,
    "42": 0.30299949645996094,
    "43": 0.3064302057027817,
    "44": 0.30363729596138,
    "45": 0.29890845715999603,
    "46": 0.2921598106622696,
    "47": 0.3045356869697571,
    "48": 0.32336483895778656,
    "49": 0.307881161570549,
    "50": 0.29481370747089386,
    "51": 0.3050912916660309,
    "52": 0.31184273958206177,
    "53": 0.3051435947418213,
    "54": 0.30555640161037445,
    "55": 0.303399458527565,
    "56": 0.3050846606492996,
    "57": 0.0,
    "58": 0.0,
    "59": 0.0,
    "60": 0.0
  }
}