{
  "input_model": "D:\\codes\\RWKV7-12B-scale\\rwkv7-g1f-13.3b-20260415-ctx8192.pth",
  "output_model": "D:\\codes\\RWKV7-12B-scale\\outputs\\pruned\\rwkv7-g1f-12b-56l-importance.pth",
  "strategy": "importance",
  "strategy_notes": "Data-free importance proxy using normalized weight norms.",
  "drop_count": 5,
  "original_layers": 61,
  "final_layers": 56,
  "dropped_layers": [
    7,
    10,
    12,
    16,
    20
  ],
  "kept_layers": [
    0,
    1,
    2,
    3,
    4,
    5,
    6,
    8,
    9,
    11,
    13,
    14,
    15,
    17,
    18,
    19,
    21,
    22,
    23,
    24,
    25,
    26,
    27,
    28,
    29,
    30,
    31,
    32,
    33,
    34,
    35,
    36,
    37,
    38,
    39,
    40,
    41,
    42,
    43,
    44,
    45,
    46,
    47,
    48,
    49,
    50,
    51,
    52,
    53,
    54,
    55,
    56,
    57,
    58,
    59,
    60
  ],
  "preserve_first": 1,
  "preserve_last": 4,
  "force_keep": [],
  "removed_params": 1043722240,
  "remaining_params": 12226576384,
  "estimated_bf16_gb": 22.773773193359375,
  "estimated_params_from_kept_layers": 12226576384,
  "scores": {
    "0": 0.0,
    "1": 0.05613567586988211,
    "2": 0.056128677912056446,
    "3": 0.055478465743362904,
    "4": 0.05568551644682884,
    "5": 0.05516594275832176,
    "6": 0.05521631985902786,
    "7": 0.054701329208910465,
    "8": 0.05518599972128868,
    "9": 0.055903779342770576,
    "10": 0.05484635476022959,
    "11": 0.054945437237620354,
    "12": 0.054656810127198696,
    "13": 0.05503621976822615,
    "14": 0.05515745282173157,
    "15": 0.055298736318945885,
    "16": 0.054914274252951145,
    "17": 0.05521791893988848,
    "18": 0.055294509045779705,
    "19": 0.05592689011245966,
    "20": 0.0549004003405571,
    "21": 0.05558943375945091,
    "22": 0.05505720432847738,
    "23": 0.05574533250182867,
    "24": 0.055422632955014706,
    "25": 0.0561986593529582,
    "26": 0.05584806576371193,
    "27": 0.05642645712941885,
    "28": 0.05613472778350115,
    "29": 0.0563299348577857,
    "30": 0.05624094884842634,
    "31": 0.05631430447101593,
    "32": 0.05625678412616253,
    "33": 0.05643042270094156,
    "34": 0.05614171642810106,
    "35": 0.05660178419202566,
    "36": 0.056258986704051495,
    "37": 0.05649982672184706,
    "38": 0.05613583046942949,
    "39": 0.056580797769129276,
    "40": 0.05638144910335541,
    "41": 0.05678919889032841,
    "42": 0.05637388676404953,
    "43": 0.05688457377254963,
    "44": 0.056702845729887486,
    "45": 0.05721730086952448,
    "46": 0.0567668778821826,
    "47": 0.057141007855534554,
    "48": 0.05732158292084932,
    "49": 0.05763499904423952,
    "50": 0.05740817729383707,
    "51": 0.05780152045190334,
    "52": 0.05764371249824762,
    "53": 0.05795774422585964,
    "54": 0.05800294131040573,
    "55": 0.05824177525937557,
    "56": 0.05823320709168911,
    "57": 0.0,
    "58": 0.0,
    "59": 0.0,
    "60": 0.0
  }
}